0,1,2,3,4,5,6,7,8,9,10,11,12,13,14,15,16,17,18,19,20,21,22,23,24
0.0,0.0,0.0,0.0,1.0,99999.0,0.0,0.0,0.0,0.0,0.0,0.0,0.0,0.0,0.0,0.0,0.0,0.0,0.0,0.0,0.0,0.0,0.0,0.0,0.0
0.0,0.0,0.0,688.0,39074.0,59541.0,697.0,0.0,0.0,0.0,0.0,0.0,0.0,0.0,0.0,0.0,0.0,0.0,0.0,0.0,0.0,0.0,0.0,0.0,0.0
0.0,0.0,39.0,2813.0,45066.0,49257.0,2790.0,35.0,0.0,0.0,0.0,0.0,0.0,0.0,0.0,0.0,0.0,0.0,0.0,0.0,0.0,0.0,0.0,0.0,0.0
0.0,3.0,166.0,5498.0,43786.0,45059.0,5308.0,180.0,0.0,0.0,0.0,0.0,0.0,0.0,0.0,0.0,0.0,0.0,0.0,0.0,0.0,0.0,0.0,0.0,0.0
0.0,14.0,433.0,7859.0,41678.0,41757.0,7794.0,453.0,12.0,0.0,0.0,0.0,0.0,0.0,0.0,0.0,0.0,0.0,0.0,0.0,0.0,0.0,0.0,0.0,0.0
2.0,30.0,836.0,9773.0,39275.0,39322.0,9922.0,817.0,23.0,0.0,0.0,0.0,0.0,0.0,0.0,0.0,0.0,0.0,0.0,0.0,0.0,0.0,0.0,0.0,0.0
6.0,66.0,1338.0,11405.0,37167.0,37170.0,11466.0,1315.0,66.0,1.0,0.0,0.0,0.0,0.0,0.0,0.0,0.0,0.0,0.0,0.0,0.0,0.0,0.0,0.0,0.0
8.0,126.0,1893.0,12730.0,35225.0,35371.0,12637.0,1862.0,143.0,5.0,0.0,0.0,0.0,0.0,0.0,0.0,0.0,0.0,0.0,0.0,0.0,0.0,0.0,0.0,0.0
10.0,224.0,2427.0,13826.0,33548.0,33617.0,13649.0,2454.0,234.0,9.0,0.0,0.0,0.0,0.0,0.0,0.0,0.0,0.0,0.0,0.0,0.0,0.0,0.0,0.0,0.0
25.0,365.0,3055.0,14339.0,32246.0,32207.0,14324.0,3065.0,346.0,27.0,0.0,0.0,0.0,0.0,0.0,0.0,0.0,0.0,0.0,0.0,0.0,0.0,0.0,0.0,0.0
36.0,497.0,3670.0,14747.0,31059.0,31015.0,14781.0,3696.0,457.0,40.0,0.0,0.0,0.0,0.0,0.0,0.0,0.0,0.0,0.0,0.0,0.0,0.0,0.0,0.0,0.0
66.0,676.0,4144.0,15214.0,29811.0,30032.0,15170.0,4154.0,670.0,59.0,1.0,0.0,0.0,0.0,0.0,0.0,0.0,0.0,0.0,0.0,0.0,0.0,0.0,0.0,0.0
97.0,843.0,4631.0,15674.0,28750.0,28864.0,15480.0,4714.0,846.0,92.0,5.0,0.0,0.0,0.0,0.0,0.0,0.0,0.0,0.0,0.0,0.0,0.0,0.0,0.0,0.0
140.0,1041.0,5209.0,15700.0,27893.0,27919.0,15754.0,5114.0,1089.0,126.0,10.0,0.0,0.0,0.0,0.0,0.0,0.0,0.0,0.0,0.0,0.0,0.0,0.0,0.0,0.0
181.0,1277.0,5598.0,15914.0,26962.0,27127.0,15908.0,5555.0,1272.0,183.0,14.0,0.0,0.0,0.0,0.0,0.0,0.0,0.0,0.0,0.0,0.0,0.0,0.0,0.0,0.0
252.0,1439.0,5989.0,16037.0,26156.0,26404.0,16008.0,5973.0,1471.0,221.0,20.0,4.0,0.0,0.0,0.0,0.0,0.0,0.0,0.0,0.0,0.0,0.0,0.0,0.0,0.0
317.0,1700.0,6288.0,16041.0,25595.0,25613.0,16077.0,6280.0,1729.0,300.0,26.0,5.0,0.0,0.0,0.0,0.0,0.0,0.0,0.0,0.0,0.0,0.0,0.0,0.0,0.0
400.0,1978.0,6582.0,15918.0,25256.0,24677.0,16181.0,6644.0,1901.0,377.0,41.0,5.0,1.0,0.0,0.0,0.0,0.0,0.0,0.0,0.0,0.0,0.0,0.0,0.0,0.0
466.0,2227.0,6908.0,15893.0,24442.0,24289.0,16175.0,6917.0,2119.0,447.0,60.0,5.0,1.0,0.0,0.0,0.0,0.0,0.0,0.0,0.0,0.0,0.0,0.0,0.0,0.0
573.0,2440.0,7196.0,15853.0,23946.0,23628.0,16019.0,7310.0,2341.0,543.0,78.0,11.0,1.0,0.0,0.0,0.0,0.0,0.0,0.0,0.0,0.0,0.0,0.0,0.0,0.0
679.0,2563.0,7494.0,15913.0,23191.0,23285.0,15902.0,7623.0,2496.0,632.0,108.0,18.0,1.0,0.0,0.0,0.0,0.0,0.0,0.0,0.0,0.0,0.0,0.0,0.0,0.0
783.0,2790.0,7767.0,15881.0,22531.0,22905.0,15785.0,7819.0,2726.0,734.0,134.0,23.0,2.0,0.0,0.0,0.0,0.0,0.0,0.0,0.0,0.0,0.0,0.0,0.0,0.0
875.0,3006.0,7988.0,15847.0,22111.0,22302.0,15731.0,8029.0,2944.0,826.0,170.0,27.0,2.0,0.0,0.0,0.0,0.0,0.0,0.0,0.0,0.0,0.0,0.0,0.0,0.0
982.0,3175.0,8163.0,15768.0,21683.0,21899.0,15621.0,8239.0,3122.0,918.0,196.0,39.0,3.0,0.0,0.0,0.0,0.0,0.0,0.0,0.0,0.0,0.0,0.0,0.0,0.0
1109.0,3325.0,8380.0,15677.0,21297.0,21449.0,15547.0,8329.0,3372.0,1028.0,227.0,36.0,9.0,0.0,0.0,0.0,0.0,0.0,0.0,0.0,0.0,0.0,0.0,0.0,0.0
1225.0,3638.0,8347.0,15680.0,20927.0,20931.0,15542.0,8443.0,3585.0,1116.0,266.0,47.0,8.0,1.0,0.0,0.0,0.0,0.0,0.0,0.0,0.0,0.0,0.0,0.0,0.0
1360.0,3738.0,8574.0,15618.0,20427.0,20480.0,15691.0,8542.0,3680.0,1221.0,311.0,65.0,14.0,0.0,0.0,0.0,0.0,0.0,0.0,0.0,0.0,0.0,0.0,0.0,0.0
1491.0,3944.0,8735.0,15366.0,20266.0,20021.0,15638.0,8673.0,3806.0,1329.0,354.0,70.0,13.0,3.0,0.0,0.0,0.0,0.0,0.0,0.0,0.0,0.0,0.0,0.0,0.0
1686.0,4035.0,8967.0,15120.0,19947.0,19763.0,15422.0,8860.0,3946.0,1446.0,403.0,79.0,14.0,5.0,0.0,0.0,0.0,0.0,0.0,0.0,0.0,0.0,0.0,0.0,0.0
1794.0,4178.0,9184.0,14875.0,19605.0,19490.0,15333.0,8896.0,4172.0,1514.0,466.0,89.0,22.0,5.0,0.0,0.0,0.0,0.0,0.0,0.0,0.0,0.0,0.0,0.0,0.0
1875.0,4404.0,9053.0,15013.0,19254.0,19185.0,15195.0,8957.0,4371.0,1617.0,487.0,115.0,26.0,2.0,0.0,0.0,0.0,0.0,0.0,0.0,0.0,0.0,0.0,0.0,0.0
2031.0,4479.0,9149.0,14918.0,19080.0,18914.0,14966.0,9095.0,4444.0,1724.0,557.0,125.0,30.0,5.0,1.0,0.0,0.0,0.0,0.0,0.0,0.0,0.0,0.0,0.0,0.0
2160.0,4691.0,9274.0,14685.0,18723.0,18767.0,14768.0,9179.0,4614.0,1856.0,585.0,147.0,30.0,8.0,1.0,0.0,0.0,0.0,0.0,0.0,0.0,0.0,0.0,0.0,0.0
2263.0,4849.0,9356.0,14520.0,18426.0,18687.0,14607.0,9199.0,4728.0,1945.0,655.0,161.0,40.0,5.0,3.0,0.0,0.0,0.0,0.0,0.0,0.0,0.0,0.0,0.0,0.0
2424.0,5050.0,9285.0,14529.0,18130.0,18433.0,14521.0,9250.0,4841.0,2028.0,693.0,193.0,41.0,6.0,3.0,0.0,0.0,0.0,0.0,0.0,0.0,0.0,0.0,0.0,0.0
2554.0,5132.0,9391.0,14475.0,17846.0,18017.0,14525.0,9387.0,4921.0,2121.0,717.0,226.0,46.0,9.0,3.0,0.0,0.0,0.0,0.0,0.0,0.0,0.0,0.0,0.0,0.0
2666.0,5233.0,9484.0,14367.0,17644.0,17700.0,14490.0,9371.0,5064.0,2182.0,799.0,242.0,57.0,12.0,4.0,0.0,0.0,0.0,0.0,0.0,0.0,0.0,0.0,0.0,0.0
2774.0,5418.0,9537.0,14184.0,17503.0,17429.0,14259.0,9498.0,5168.0,2273.0,866.0,274.0,69.0,16.0,1.0,0.0,0.0,0.0,0.0,0.0,0.0,0.0,0.0,0.0,0.0
2948.0,5545.0,9559.0,14090.0,17218.0,17294.0,14098.0,9507.0,5277.0,2391.0,904.0,302.0,90.0,14.0,0.0,1.0,0.0,0.0,0.0,0.0,0.0,0.0,0.0,0.0,0.0
3082.0,5656.0,9626.0,13932.0,16930.0,17176.0,13942.0,9602.0,5291.0,2482.0,1001.0,316.0,90.0,19.0,1.0,1.0,0.0,0.0,0.0,0.0,0.0,0.0,0.0,0.0,0.0
3220.0,5717.0,9701.0,13878.0,16823.0,16797.0,13881.0,9690.0,5320.0,2554.0,1080.0,336.0,95.0,20.0,5.0,0.0,0.0,0.0,0.0,0.0,0.0,0.0,0.0,0.0,0.0
3300.0,5851.0,9744.0,13732.0,16613.0,16741.0,13682.0,9685.0,5477.0,2593.0,1122.0,383.0,103.0,24.0,7.0,1.0,0.0,0.0,0.0,0.0,0.0,0.0,0.0,0.0,0.0
3479.0,6026.0,9620.0,13760.0,16404.0,16478.0,13718.0,9596.0,5575.0,2693.0,1166.0,391.0,123.0,27.0,11.0,0.0,0.0,0.0,0.0,0.0,0.0,0.0,0.0,0.0,0.0
3609.0,6060.0,9792.0,13620.0,16224.0,16157.0,13692.0,9629.0,5676.0,2712.0,1235.0,457.0,123.0,30.0,11.0,0.0,0.0,0.0,0.0,0.0,0.0,0.0,0.0,0.0,0.0
3737.0,6147.0,9747.0,13658.0,16021.0,16014.0,13455.0,9748.0,5662.0,2823.0,1261.0,509.0,138.0,36.0,8.0,1.0,0.0,0.0,0.0,0.0,0.0,0.0,0.0,0.0,0.0
3837.0,6266.0,9750.0,13568.0,15892.0,15833.0,13333.0,9697.0,5808.0,2873.0,1315.0,528.0,153.0,42.0,11.0,0.0,0.0,0.0,0.0,0.0,0.0,0.0,0.0,0.0,0.0
3974.0,6386.0,9788.0,13410.0,15716.0,15675.0,13305.0,9662.0,5813.0,2978.0,1389.0,549.0,170.0,41.0,16.0,1.0,0.0,0.0,0.0,0.0,0.0,0.0,0.0,0.0,0.0
4083.0,6405.0,9863.0,13423.0,15496.0,15633.0,13057.0,9707.0,5860.0,3076.0,1418.0,564.0,187.0,52.0,17.0,3.0,0.0,0.0,0.0,0.0,0.0,0.0,0.0,0.0,0.0
4184.0,6486.0,9893.0,13348.0,15268.0,15488.0,13081.0,9588.0,6032.0,3118.0,1441.0,583.0,199.0,58.0,18.0,4.0,0.0,0.0,0.0,0.0,0.0,0.0,0.0,0.0,0.0
4300.0,6625.0,9762.0,13305.0,15146.0,15220.0,13080.0,9564.0,6073.0,3191.0,1506.0,630.0,206.0,71.0,18.0,5.0,0.0,0.0,0.0,0.0,0.0,0.0,0.0,0.0,0.0
4395.0,6707.0,9807.0,13208.0,14988.0,15165.0,12902.0,9553.0,6072.0,3307.0,1566.0,655.0,213.0,82.0,17.0,5.0,0.0,0.0,0.0,0.0,0.0,0.0,0.0,0.0,0.0
4735.0,6847.0,9936.0,12776.0,14741.0,14949.0,12751.0,9376.0,6142.0,3544.0,1634.0,718.0,275.0,101.0,25.0,8.0,1.0,0.0,0.0,0.0,0.0,0.0,0.0,0.0,0.0
5018.0,7093.0,9854.0,12692.0,14490.0,14480.0,12446.0,9537.0,6171.0,3583.0,1881.0,753.0,314.0,125.0,31.0,10.0,2.0,0.0,0.0,0.0,0.0,0.0,0.0,0.0,0.0
5224.0,7359.0,9834.0,12640.0,14227.0,14004.0,12412.0,9372.0,6312.0,3686.0,1952.0,858.0,352.0,130.0,42.0,15.0,4.0,0.0,0.0,0.0,0.0,0.0,0.0,0.0,0.0
5642.0,7256.0,9900.0,12475.0,13824.0,13884.0,12042.0,9588.0,6251.0,3793.0,2094.0,939.0,388.0,135.0,55.0,13.0,9.0,0.0,0.0,0.0,0.0,0.0,0.0,0.0,0.0
5898.0,7519.0,9781.0,12273.0,13729.0,13612.0,11970.0,9301.0,6372.0,3908.0,2161.0,1025.0,444.0,172.0,54.0,17.0,10.0,2.0,0.0,0.0,0.0,0.0,0.0,0.0,0.0
5996.0,7587.0,9987.0,12021.0,13400.0,13430.0,11758.0,9301.0,6414.0,3961.0,2247.0,1143.0,469.0,200.0,73.0,24.0,7.0,1.0,2.0,0.0,0.0,0.0,0.0,0.0,0.0
6228.0,7851.0,9906.0,11849.0,13275.0,13080.0,11611.0,9298.0,6264.0,4156.0,2347.0,1167.0,550.0,217.0,79.0,32.0,10.0,1.0,2.0,1.0,0.0,0.0,0.0,0.0,0.0
6426.0,8031.0,9970.0,11735.0,12907.0,12985.0,11449.0,9108.0,6399.0,4196.0,2468.0,1235.0,582.0,242.0,101.0,32.0,18.0,5.0,0.0,1.0,0.0,0.0,0.0,0.0,0.0
6669.0,8155.0,9976.0,11615.0,12816.0,12555.0,11336.0,9116.0,6404.0,4316.0,2516.0,1276.0,652.0,279.0,112.0,39.0,16.0,8.0,1.0,2.0,0.0,0.0,0.0,0.0,0.0
6871.0,8225.0,10020.0,11546.0,12572.0,12339.0,11143.0,8978.0,6490.0,4342.0,2564.0,1420.0,674.0,325.0,123.0,44.0,14.0,12.0,2.0,1.0,0.0,0.0,0.0,0.0,0.0
7108.0,8326.0,9949.0,11358.0,12560.0,12096.0,10902.0,9064.0,6538.0,4281.0,2699.0,1462.0,722.0,338.0,143.0,42.0,21.0,18.0,0.0,1.0,0.0,0.0,0.0,0.0,0.0
7222.0,8455.0,9862.0,11362.0,12249.0,11920.0,10784.0,9111.0,6442.0,4404.0,2725.0,1493.0,767.0,403.0,151.0,44.0,24.0,18.0,3.0,1.0,0.0,0.0,0.0,0.0,0.0
7581.0,8469.0,9999.0,11259.0,11993.0,11782.0,10734.0,8864.0,6491.0,4413.0,2766.0,1625.0,813.0,420.0,168.0,64.0,28.0,15.0,7.0,1.0,0.0,0.0,0.0,0.0,0.0
7715.0,8648.0,9901.0,11323.0,11769.0,11671.0,10470.0,8864.0,6573.0,4364.0,2809.0,1698.0,877.0,447.0,175.0,77.0,31.0,15.0,6.0,5.0,0.0,0.0,0.0,0.0,0.0
7757.0,8773.0,9937.0,11286.0,11543.0,11519.0,10512.0,8602.0,6525.0,4437.0,2869.0,1753.0,936.0,499.0,196.0,77.0,38.0,13.0,9.0,4.0,0.0,0.0,0.0,0.0,0.0
8071.0,8837.0,9976.0,11020.0,11597.0,11380.0,10288.0,8534.0,6501.0,4521.0,2893.0,1776.0,990.0,543.0,213.0,93.0,37.0,18.0,8.0,3.0,1.0,1.0,0.0,0.0,0.0
8280.0,8800.0,10099.0,10765.0,11445.0,11408.0,10159.0,8453.0,6464.0,4543.0,2988.0,1819.0,1033.0,559.0,231.0,102.0,46.0,14.0,11.0,1.0,2.0,2.0,0.0,0.0,0.0
8347.0,8908.0,10127.0,10703.0,11207.0,11387.0,10032.0,8403.0,6484.0,4583.0,3024.0,1829.0,1035.0,603.0,260.0,118.0,45.0,21.0,8.0,5.0,0.0,3.0,0.0,0.0,0.0
8633.0,9072.0,9952.0,10634.0,11309.0,10953.0,10006.0,8251.0,6540.0,4537.0,3141.0,1876.0,1111.0,583.0,308.0,126.0,57.0,22.0,10.0,5.0,0.0,1.0,2.0,0.0,0.0
8853.0,9129.0,9967.0,10607.0,11033.0,11042.0,9786.0,8215.0,6495.0,4637.0,3139.0,1900.0,1149.0,605.0,329.0,140.0,75.0,18.0,9.0,6.0,1.0,0.0,2.0,1.0,0.0
8679.0,9326.0,9933.0,10716.0,10859.0,10934.0,9639.0,8170.0,6412.0,4572.0,3264.0,1974.0,1147.0,656.0,339.0,155.0,83.0,26.0,8.0,6.0,1.0,0.0,2.0,0.0,1.0
8976.0,9229.0,10047.0,10565.0,10878.0,10581.0,9701.0,8136.0,6390.0,4610.0,3245.0,2007.0,1205.0,677.0,358.0,166.0,89.0,30.0,13.0,2.0,3.0,1.0,1.0,1.0,0.0
9071.0,9415.0,9898.0,10556.0,10751.0,10543.0,9567.0,8087.0,6398.0,4616.0,3192.0,2107.0,1186.0,747.0,368.0,180.0,91.0,41.0,8.0,5.0,2.0,1.0,0.0,1.0,1.0
9191.0,9413.0,9973.0,10482.0,10666.0,10398.0,9482.0,8089.0,6349.0,4625.0,3221.0,2114.0,1270.0,745.0,400.0,182.0,99.0,36.0,19.0,3.0,2.0,1.0,0.0,2.0,0.0
9263.0,9484.0,10070.0,10407.0,10643.0,10309.0,9378.0,7918.0,6324.0,4716.0,3194.0,2172.0,1292.0,776.0,417.0,195.0,113.0,38.0,17.0,5.0,2.0,1.0,0.0,0.0,2.0
9405.0,9465.0,10029.0,10556.0,10429.0,10275.0,9288.0,7917.0,6157.0,4700.0,3305.0,2177.0,1348.0,792.0,427.0,231.0,100.0,49.0,23.0,3.0,3.0,0.0,0.0,0.0,2.0
9555.0,9473.0,10035.0,10608.0,10352.0,10052.0,9174.0,7918.0,6106.0,4669.0,3370.0,2189.0,1440.0,797.0,448.0,225.0,118.0,56.0,23.0,6.0,3.0,0.0,0.0,1.0,1.0
9666.0,9656.0,9931.0,10465.0,10461.0,9872.0,9110.0,7766.0,6227.0,4700.0,3294.0,2271.0,1410.0,876.0,428.0,264.0,107.0,66.0,22.0,7.0,4.0,1.0,0.0,0.0,1.0
9722.0,9692.0,10086.0,10408.0,10250.0,9793.0,9089.0,7780.0,6180.0,4646.0,3390.0,2262.0,1446.0,856.0,491.0,244.0,134.0,56.0,24.0,10.0,4.0,1.0,0.0,0.0,0.0
9824.0,9756.0,10004.0,10373.0,10202.0,9837.0,8903.0,7701.0,6165.0,4606.0,3415.0,2290.0,1466.0,940.0,512.0,250.0,123.0,71.0,24.0,16.0,2.0,2.0,0.0,0.0,0.0
9867.0,9908.0,9988.0,10300.0,10187.0,9519.0,9005.0,7673.0,6123.0,4605.0,3405.0,2340.0,1480.0,949.0,530.0,264.0,142.0,65.0,33.0,15.0,4.0,0.0,1.0,0.0,0.0
9992.0,10002.0,10000.0,10291.0,9971.0,9636.0,8862.0,7512.0,6052.0,4727.0,3378.0,2373.0,1534.0,933.0,582.0,274.0,140.0,76.0,30.0,16.0,6.0,1.0,1.0,0.0,1.0
10132.0,9938.0,10077.0,10276.0,10009.0,9504.0,8757.0,7450.0,6102.0,4718.0,3420.0,2345.0,1509.0,987.0,571.0,315.0,149.0,79.0,44.0,15.0,3.0,2.0,2.0,0.0,1.0
10249.0,10077.0,9948.0,10143.0,10095.0,9424.0,8611.0,7419.0,6144.0,4661.0,3488.0,2352.0,1568.0,962.0,609.0,306.0,162.0,94.0,48.0,13.0,2.0,2.0,2.0,1.0,1.0
10317.0,10003.0,9997.0,10233.0,9995.0,9330.0,8472.0,7388.0,6161.0,4662.0,3464.0,2387.0,1587.0,1016.0,604.0,313.0,179.0,85.0,50.0,19.0,7.0,0.0,1.0,2.0,0.0
10491.0,10039.0,9908.0,10436.0,9778.0,9217.0,8442.0,7283.0,6170.0,4707.0,3460.0,2404.0,1596.0,1046.0,614.0,334.0,188.0,97.0,44.0,24.0,7.0,1.0,1.0,2.0,0.0
10497.0,10158.0,10114.0,10041.0,9944.0,9065.0,8391.0,7243.0,6060.0,4704.0,3500.0,2457.0,1604.0,1054.0,661.0,348.0,191.0,89.0,57.0,22.0,10.0,1.0,1.0,2.0,0.0
10542.0,10237.0,10112.0,10038.0,9750.0,9081.0,8417.0,7150.0,5974.0,4783.0,3478.0,2475.0,1671.0,1035.0,655.0,365.0,202.0,103.0,50.0,23.0,14.0,3.0,1.0,1.0,0.0
10820.0,10282.0,10100.0,9945.0,9610.0,9091.0,8502.0,6986.0,5970.0,4713.0,3549.0,2513.0,1652.0,1081.0,653.0,378.0,207.0,120.0,40.0,28.0,13.0,5.0,1.0,1.0,0.0
10850.0,10347.0,10104.0,9861.0,9564.0,9125.0,8283.0,6955.0,6014.0,4661.0,3604.0,2502.0,1667.0,1084.0,694.0,415.0,210.0,126.0,45.0,25.0,10.0,7.0,1.0,2.0,0.0
10963.0,10448.0,10112.0,9817.0,9584.0,8968.0,8121.0,6978.0,6034.0,4661.0,3570.0,2461.0,1771.0,1096.0,698.0,456.0,212.0,124.0,46.0,23.0,11.0,7.0,3.0,1.0,1.0
10911.0,10413.0,10221.0,9913.0,9410.0,8859.0,8130.0,6977.0,5936.0,4718.0,3606.0,2489.0,1712.0,1155.0,685.0,452.0,242.0,129.0,46.0,27.0,15.0,5.0,5.0,0.0,1.0
11095.0,10490.0,10228.0,9942.0,9255.0,8779.0,8088.0,6987.0,5916.0,4671.0,3529.0,2585.0,1725.0,1165.0,699.0,470.0,263.0,137.0,52.0,22.0,15.0,10.0,3.0,1.0,0.0
11018.0,10504.0,10207.0,9923.0,9360.0,8706.0,8038.0,6938.0,5840.0,4758.0,3497.0,2558.0,1773.0,1149.0,716.0,476.0,270.0,144.0,57.0,30.0,15.0,8.0,2.0,2.0,0.0
11034.0,10755.0,10213.0,9781.0,9248.0,8749.0,7933.0,6850.0,5961.0,4621.0,3604.0,2512.0,1759.0,1191.0,752.0,474.0,290.0,141.0,60.0,36.0,16.0,7.0,5.0,1.0,0.0
10962.0,10851.0,10235.0,9770.0,9295.0,8673.0,7861.0,6806.0,5863.0,4668.0,3555.0,2549.0,1784.0,1215.0,795.0,486.0,271.0,156.0,60.0,35.0,22.0,7.0,3.0,2.0,0.0
11333.0,10660.0,10270.0,9885.0,9174.0,8515.0,7912.0,6847.0,5740.0,4707.0,3484.0,2584.0,1850.0,1193.0,797.0,516.0,265.0,171.0,67.0,31.0,27.0,8.0,4.0,1.0,0.0
11415.0,10727.0,10241.0,9835.0,9241.0,8422.0,7871.0,6705.0,5828.0,4614.0,3530.0,2609.0,1822.0,1214.0,834.0,506.0,287.0,166.0,74.0,43.0,20.0,10.0,3.0,1.0,0.0
11259.0,10852.0,10273.0,9832.0,9261.0,8359.0,7798.0,6716.0,5631.0,4693.0,3533.0,2616.0,1823.0,1270.0,824.0,527.0,300.0,163.0,81.0,52.0,22.0,8.0,3.0,1.0,1.0
11369.0,10957.0,10284.0,9741.0,9127.0,8463.0,7594.0,6843.0,5566.0,4624.0,3512.0,2697.0,1787.0,1291.0,865.0,545.0,316.0,168.0,81.0,49.0,22.0,9.0,4.0,1.0,1.0
11438.0,10911.0,10340.0,9614.0,9107.0,8502.0,7559.0,6825.0,5636.0,4523.0,3527.0,2643.0,1857.0,1272.0,864.0,570.0,304.0,181.0,96.0,52.0,22.0,10.0,6.0,2.0,0.0
11372.0,10922.0,10378.0,9683.0,9021.0,8455.0,7555.0,6731.0,5700.0,4470.0,3510.0,2669.0,1886.0,1271.0,877.0,555.0,316.0,187.0,97.0,65.0,16.0,17.0,4.0,2.0,0.0
11498.0,11074.0,10353.0,9528.0,9158.0,8470.0,7394.0,6711.0,5607.0,4522.0,3546.0,2635.0,1917.0,1297.0,879.0,534.0,342.0,193.0,110.0,56.0,25.0,15.0,3.0,3.0,1.0
11503.0,11169.0,10315.0,9456.0,9175.0,8270.0,7550.0,6495.0,5624.0,4553.0,3605.0,2587.0,1897.0,1367.0,862.0,567.0,338.0,208.0,104.0,58.0,32.0,13.0,4.0,3.0,1.0
11709.0,11128.0,10269.0,9504.0,9088.0,8328.0,7460.0,6440.0,5622.0,4500.0,3592.0,2649.0,1915.0,1372.0,878.0,567.0,348.0,196.0,121.0,66.0,32.0,17.0,5.0,1.0,3.0
11674.0,11055.0,10352.0,9542.0,8859.0,8356.0,7437.0,6508.0,5581.0,4496.0,3542.0,2660.0,1927.0,1366.0,920.0,579.0,353.0,203.0,115.0,67.0,34.0,18.0,7.0,3.0,3.0
11906.0,11012.0,10272.0,9594.0,8926.0,8315.0,7346.0,6428.0,5521.0,4538.0,3478.0,2694.0,1922.0,1424.0,916.0,584.0,372.0,204.0,120.0,64.0,47.0,14.0,7.0,3.0,2.0
11747.0,11010.0,10248.0,9581.0,9013.0,8134.0,7434.0,6558.0,5353.0,4507.0,3465.0,2676.0,1994.0,1391.0,939.0,609.0,380.0,202.0,121.0,76.0,43.0,16.0,9.0,2.0,2.0
11945.0,11118.0,10123.0,9604.0,8903.0,8164.0,7422.0,6446.0,5387.0,4497.0,3449.0,2639.0,2002.0,1412.0,946.0,646.0,402.0,192.0,121.0,91.0,39.0,18.0,9.0,2.0,1.0
11982.0,11159.0,10241.0,9452.0,8966.0,8080.0,7367.0,6416.0,5460.0,4363.0,3533.0,2648.0,1962.0,1453.0,968.0,634.0,380.0,228.0,130.0,85.0,42.0,23.0,9.0,2.0,3.0
11864.0,11210.0,10193.0,9583.0,8966.0,7958.0,7412.0,6312.0,5454.0,4394.0,3474.0,2691.0,1993.0,1396.0,1001.0,644.0,375.0,246.0,132.0,91.0,40.0,23.0,10.0,4.0,2.0
12147.0,11145.0,10272.0,9721.0,8717.0,7924.0,7346.0,6418.0,5355.0,4418.0,3450.0,2697.0,2010.0,1413.0,991.0,679.0,355.0,266.0,126.0,98.0,43.0,27.0,9.0,2.0,3.0
12127.0,11040.0,10391.0,9559.0,8813.0,7948.0,7232.0,6303.0,5376.0,4500.0,3415.0,2680.0,2026.0,1421.0,1006.0,655.0,385.0,249.0,154.0,95.0,54.0,30.0,8.0,3.0,1.0
12115.0,11173.0,10323.0,9572.0,8762.0,7892.0,7230.0,6311.0,5372.0,4436.0,3450.0,2644.0,2055.0,1450.0,971.0,674.0,405.0,257.0,151.0,100.0,56.0,29.0,8.0,5.0,0.0
12148.0,11277.0,10214.0,9673.0,8666.0,7936.0,7222.0,6184.0,5370.0,4411.0,3443.0,2629.0,2077.0,1458.0,987.0,675.0,436.0,261.0,167.0,91.0,55.0,34.0,13.0,1.0,1.0
12213.0,11369.0,10175.0,9630.0,8673.0,7909.0,7200.0,6364.0,5145.0,4410.0,3457.0,2610.0,2082.0,1500.0,982.0,669.0,431.0,290.0,174.0,79.0,60.0,32.0,19.0,3.0,0.0
12321.0,11299.0,10357.0,9570.0,8760.0,7834.0,7142.0,6264.0,5280.0,4335.0,3399.0,2679.0,2011.0,1498.0,1048.0,650.0,449.0,295.0,161.0,96.0,71.0,36.0,13.0,4.0,0.0
12305.0,11369.0,10436.0,9470.0,8651.0,8078.0,7023.0,6086.0,5320.0,4369.0,3419.0,2651.0,1964.0,1542.0,1052.0,676.0,445.0,293.0,166.0,107.0,64.0,34.0,17.0,6.0,0.0
12374.0,11457.0,10410.0,9502.0,8747.0,7887.0,6993.0,6078.0,5288.0,4371.0,3482.0,2557.0,2021.0,1509.0,1058.0,691.0,466.0,305.0,180.0,110.0,49.0,41.0,16.0,7.0,1.0
12271.0,11509.0,10436.0,9584.0,8630.0,7929.0,7087.0,5971.0,5245.0,4313.0,3433.0,2646.0,1983.0,1535.0,1072.0,696.0,467.0,302.0,189.0,114.0,61.0,35.0,20.0,4.0,3.0
12247.0,11447.0,10498.0,9459.0,8771.0,7891.0,6882.0,6095.0,5229.0,4258.0,3497.0,2569.0,2037.0,1498.0,1076.0,725.0,502.0,288.0,201.0,111.0,61.0,40.0,16.0,7.0,5.0
12345.0,11487.0,10348.0,9593.0,8673.0,7889.0,6925.0,5949.0,5225.0,4316.0,3445.0,2561.0,2085.0,1480.0,1074.0,732.0,517.0,306.0,185.0,123.0,71.0,43.0,15.0,4.0,5.0
12276.0,11536.0,10441.0,9672.0,8592.0,7827.0,6848.0,5970.0,5181.0,4356.0,3427.0,2563.0,2076.0,1506.0,1071.0,734.0,512.0,320.0,193.0,122.0,72.0,38.0,22.0,6.0,4.0
12437.0,11279.0,10529.0,9680.0,8672.0,7688.0,6923.0,5975.0,5144.0,4266.0,3448.0,2596.0,2080.0,1513.0,1089.0,734.0,488.0,335.0,196.0,128.0,76.0,41.0,20.0,8.0,5.0
12422.0,11463.0,10425.0,9654.0,8661.0,7744.0,6824.0,5996.0,5114.0,4230.0,3426.0,2662.0,2068.0,1510.0,1101.0,730.0,503.0,331.0,201.0,134.0,72.0,41.0,21.0,15.0,3.0
12514.0,11415.0,10509.0,9596.0,8610.0,7618.0,6833.0,5994.0,5173.0,4240.0,3352.0,2707.0,2072.0,1510.0,1087.0,721.0,514.0,340.0,232.0,124.0,73.0,49.0,14.0,17.0,7.0
12451.0,11448.0,10531.0,9487.0,8657.0,7671.0,6731.0,6008.0,5139.0,4130.0,3460.0,2703.0,2059.0,1506.0,1056.0,775.0,520.0,349.0,214.0,146.0,74.0,43.0,25.0,14.0,4.0
12572.0,11515.0,10509.0,9427.0,8605.0,7774.0,6635.0,5969.0,5077.0,4167.0,3379.0,2735.0,2064.0,1522.0,1097.0,744.0,529.0,371.0,230.0,143.0,81.0,45.0,28.0,13.0,7.0
12774.0,11458.0,10479.0,9534.0,8428.0,7607.0,6817.0,5974.0,5056.0,4133.0,3404.0,2659.0,2068.0,1589.0,1071.0,769.0,510.0,384.0,217.0,161.0,90.0,48.0,15.0,21.0,6.0
12825.0,11431.0,10420.0,9537.0,8482.0,7528.0,6840.0,5955.0,4973.0,4106.0,3412.0,2651.0,2094.0,1594.0,1096.0,756.0,548.0,375.0,237.0,147.0,87.0,52.0,24.0,16.0,9.0
12746.0,11614.0,10393.0,9479.0,8510.0,7535.0,6791.0,5902.0,5014.0,4082.0,3401.0,2659.0,2121.0,1544.0,1099.0,802.0,518.0,410.0,216.0,163.0,89.0,44.0,31.0,20.0,10.0
12915.0,11483.0,10551.0,9317.0,8513.0,7599.0,6799.0,5771.0,5084.0,4129.0,3265.0,2761.0,2067.0,1530.0,1137.0,771.0,555.0,383.0,228.0,174.0,92.0,47.0,29.0,25.0,7.0
12792.0,11547.0,10533.0,9469.0,8407.0,7590.0,6704.0,5835.0,5000.0,4116.0,3315.0,2673.0,2115.0,1513.0,1155.0,805.0,557.0,383.0,246.0,155.0,105.0,51.0,32.0,22.0,8.0
12744.0,11684.0,10608.0,9262.0,8586.0,7474.0,6688.0,5844.0,5035.0,4035.0,3297.0,2659.0,2153.0,1532.0,1133.0,826.0,559.0,374.0,251.0,163.0,113.0,54.0,30.0,22.0,9.0
12929.0,11597.0,10478.0,9508.0,8500.0,7433.0,6608.0,5943.0,4933.0,4079.0,3268.0,2673.0,2126.0,1558.0,1134.0,820.0,601.0,374.0,241.0,171.0,97.0,63.0,29.0,20.0,12.0
12947.0,11650.0,10456.0,9462.0,8564.0,7363.0,6604.0,5790.0,5061.0,4051.0,3292.0,2615.0,2120.0,1605.0,1145.0,817.0,580.0,374.0,272.0,176.0,89.0,63.0,38.0,24.0,9.0
13124.0,11708.0,10443.0,9484.0,8368.0,7420.0,6593.0,5886.0,4911.0,4091.0,3268.0,2646.0,2108.0,1644.0,1134.0,816.0,550.0,421.0,266.0,166.0,103.0,64.0,29.0,25.0,16.0
12918.0,11921.0,10447.0,9324.0,8473.0,7475.0,6523.0,5843.0,4855.0,4091.0,3326.0,2634.0,2115.0,1580.0,1162.0,868.0,542.0,415.0,261.0,176.0,104.0,60.0,34.0,31.0,13.0
13044.0,11732.0,10487.0,9401.0,8589.0,7352.0,6567.0,5764.0,4882.0,4056.0,3226.0,2702.0,2142.0,1578.0,1157.0,813.0,586.0,413.0,275.0,174.0,119.0,59.0,31.0,26.0,17.0
13131.0,11846.0,10304.0,9392.0,8531.0,7439.0,6543.0,5671.0,4944.0,4065.0,3180.0,2713.0,2110.0,1589.0,1192.0,834.0,581.0,426.0,261.0,167.0,125.0,67.0,34.0,26.0,12.0
13135.0,11868.0,10430.0,9441.0,8490.0,7409.0,6517.0,5674.0,4892.0,4016.0,3307.0,2610.0,2120.0,1619.0,1133.0,861.0,636.0,393.0,258.0,190.0,116.0,64.0,40.0,22.0,14.0
13205.0,11829.0,10349.0,9368.0,8497.0,7410.0,6522.0,5690.0,4828.0,4008.0,3276.0,2671.0,2123.0,1575.0,1207.0,829.0,605.0,447.0,249.0,196.0,124.0,63.0,36.0,27.0,8.0
13140.0,11920.0,10290.0,9376.0,8449.0,7461.0,6577.0,5543.0,4847.0,3997.0,3326.0,2620.0,2116.0,1628.0,1201.0,825.0,618.0,423.0,267.0,186.0,136.0,63.0,43.0,24.0,15.0
13203.0,11907.0,10310.0,9419.0,8328.0,7456.0,6575.0,5578.0,4836.0,3953.0,3362.0,2616.0,2071.0,1645.0,1174.0,844.0,621.0,424.0,294.0,176.0,129.0,65.0,43.0,32.0,18.0
13253.0,11983.0,10290.0,9400.0,8376.0,7389.0,6467.0,5522.0,4907.0,4015.0,3307.0,2604.0,2151.0,1586.0,1195.0,860.0,617.0,426.0,293.0,187.0,138.0,63.0,41.0,28.0,23.0
13286.0,11984.0,10333.0,9310.0,8404.0,7370.0,6381.0,5605.0,4915.0,3951.0,3308.0,2646.0,2102.0,1640.0,1176.0,864.0,586.0,476.0,273.0,185.0,134.0,67.0,38.0,41.0,11.0
13423.0,11911.0,10434.0,9316.0,8368.0,7360.0,6367.0,5665.0,4792.0,3989.0,3253.0,2685.0,2115.0,1609.0,1183.0,868.0,623.0,453.0,292.0,178.0,150.0,60.0,40.0,35.0,21.0
13249.0,12003.0,10577.0,9297.0,8316.0,7371.0,6343.0,5611.0,4773.0,3969.0,3224.0,2731.0,2114.0,1585.0,1183.0,879.0,654.0,452.0,276.0,192.0,139.0,75.0,37.0,29.0,21.0
13227.0,12095.0,10532.0,9228.0,8333.0,7326.0,6392.0,5603.0,4763.0,3978.0,3227.0,2709.0,2109.0,1570.0,1221.0,864.0,644.0,448.0,299.0,208.0,125.0,81.0,38.0,30.0,22.0
13281.0,12097.0,10593.0,9197.0,8318.0,7420.0,6292.0,5537.0,4829.0,3964.0,3207.0,2614.0,2141.0,1616.0,1233.0,869.0,643.0,471.0,289.0,195.0,146.0,68.0,42.0,37.0,24.0
13241.0,11976.0,10637.0,9311.0,8290.0,7314.0,6419.0,5395.0,4816.0,3992.0,3196.0,2632.0,2124.0,1694.0,1188.0,848.0,653.0,454.0,307.0,210.0,133.0,78.0,50.0,32.0,21.0
13316.0,12020.0,10534.0,9263.0,8352.0,7271.0,6438.0,5418.0,4772.0,3939.0,3241.0,2620.0,2127.0,1684.0,1227.0,856.0,630.0,445.0,327.0,204.0,125.0,90.0,48.0,34.0,16.0
13310.0,11928.0,10581.0,9333.0,8330.0,7260.0,6370.0,5396.0,4737.0,4030.0,3209.0,2621.0,2052.0,1709.0,1278.0,860.0,643.0,453.0,292.0,224.0,121.0,90.0,53.0,33.0,20.0
13471.0,11982.0,10538.0,9370.0,8314.0,7222.0,6340.0,5443.0,4617.0,4065.0,3226.0,2574.0,2078.0,1703.0,1277.0,878.0,640.0,464.0,290.0,232.0,131.0,75.0,60.0,36.0,23.0
13551.0,12060.0,10488.0,9338.0,8246.0,7299.0,6346.0,5467.0,4558.0,4023.0,3213.0,2631.0,2018.0,1687.0,1289.0,914.0,648.0,457.0,328.0,206.0,135.0,81.0,60.0,28.0,31.0
13499.0,12009.0,10551.0,9297.0,8373.0,7216.0,6291.0,5492.0,4627.0,3924.0,3266.0,2615.0,2069.0,1614.0,1257.0,943.0,680.0,471.0,294.0,205.0,153.0,78.0,59.0,38.0,20.0
13495.0,11871.0,10546.0,9500.0,8224.0,7106.0,6387.0,5380.0,4664.0,3935.0,3276.0,2627.0,2068.0,1627.0,1294.0,882.0,691.0,469.0,310.0,197.0,169.0,93.0,50.0,36.0,19.0
13548.0,11932.0,10527.0,9374.0,8236.0,7189.0,6315.0,5429.0,4552.0,4048.0,3209.0,2673.0,2039.0,1668.0,1264.0,842.0,734.0,465.0,299.0,216.0,149.0,109.0,44.0,33.0,27.0
13565.0,11953.0,10543.0,9326.0,8184.0,7169.0,6342.0,5389.0,4587.0,3898.0,3316.0,2678.0,2035.0,1665.0,1233.0,881.0,700.0,494.0,309.0,227.0,152.0,102.0,55.0,33.0,22.0
13565.0,11856.0,10580.0,9410.0,8124.0,7083.0,6412.0,5345.0,4667.0,3859.0,3255.0,2678.0,2094.0,1605.0,1279.0,897.0,674.0,503.0,308.0,211.0,168.0,111.0,55.0,31.0,26.0
13520.0,11904.0,10675.0,9346.0,8072.0,7172.0,6273.0,5466.0,4499.0,3895.0,3225.0,2738.0,2076.0,1594.0,1267.0,967.0,651.0,503.0,314.0,221.0,179.0,93.0,64.0,29.0,24.0
13754.0,11797.0,10750.0,9318.0,8064.0,7111.0,6289.0,5506.0,4473.0,3856.0,3254.0,2637.0,2136.0,1601.0,1268.0,953.0,693.0,461.0,339.0,216.0,180.0,103.0,56.0,35.0,23.0
13711.0,11985.0,10597.0,9315.0,8109.0,7141.0,6234.0,5495.0,4510.0,3846.0,3236.0,2569.0,2136.0,1641.0,1215.0,997.0,689.0,469.0,346.0,245.0,177.0,91.0,61.0,38.0,19.0
13570.0,12003.0,10560.0,9250.0,8132.0,7098.0,6318.0,5439.0,4453.0,3921.0,3223.0,2540.0,2176.0,1632.0,1238.0,1008.0,657.0,506.0,320.0,245.0,166.0,104.0,63.0,44.0,21.0
13744.0,11979.0,10615.0,9288.0,8070.0,6992.0,6284.0,5464.0,4540.0,3860.0,3196.0,2590.0,2129.0,1627.0,1267.0,984.0,678.0,487.0,358.0,236.0,155.0,114.0,70.0,40.0,28.0
13879.0,11986.0,10551.0,9400.0,7916.0,7139.0,6069.0,5481.0,4656.0,3797.0,3199.0,2558.0,2117.0,1619.0,1295.0,953.0,697.0,524.0,357.0,237.0,160.0,102.0,74.0,43.0,30.0
13668.0,12032.0,10595.0,9311.0,7993.0,7216.0,6030.0,5515.0,4575.0,3784.0,3218.0,2594.0,2033.0,1687.0,1289.0,958.0,694.0,505.0,371.0,239.0,160.0,117.0,67.0,43.0,22.0
13729.0,12038.0,10578.0,9309.0,8060.0,7013.0,6121.0,5435.0,4607.0,3860.0,3173.0,2556.0,2071.0,1704.0,1251.0,996.0,692.0,525.0,341.0,256.0,143.0,114.0,78.0,41.0,25.0
13651.0,12117.0,10537.0,9250.0,8098.0,7019.0,6157.0,5332.0,4598.0,3885.0,3205.0,2540.0,2141.0,1655.0,1230.0,986.0,715.0,486.0,377.0,244.0,174.0,102.0,81.0,42.0,25.0
13721.0,12035.0,10637.0,9360.0,8004.0,6973.0,6219.0,5269.0,4621.0,3859.0,3180.0,2582.0,2085.0,1641.0,1246.0,977.0,732.0,500.0,382.0,232.0,179.0,102.0,84.0,47.0,26.0
13737.0,12034.0,10693.0,9347.0,8032.0,6952.0,6100.0,5356.0,4630.0,3834.0,3128.0,2617.0,2069.0,1650.0,1250.0,991.0,717.0,500.0,377.0,248.0,169.0,120.0,78.0,49.0,31.0
13808.0,12049.0,10591.0,9332.0,8068.0,6983.0,6081.0,5407.0,4509.0,3886.0,3150.0,2551.0,2103.0,1603.0,1288.0,995.0,726.0,493.0,374.0,259.0,171.0,123.0,78.0,55.0,23.0
13932.0,11980.0,10637.0,9303.0,8046.0,7062.0,6043.0,5333.0,4620.0,3760.0,3108.0,2573.0,2142.0,1617.0,1234.0,1001.0,725.0,508.0,375.0,261.0,181.0,118.0,83.0,56.0,28.0
13929.0,12064.0,10695.0,9140.0,7983.0,7021.0,6177.0,5367.0,4534.0,3800.0,3098.0,2555.0,2088.0,1652.0,1289.0,996.0,719.0,495.0,379.0,265.0,191.0,123.0,82.0,43.0,36.0
13855.0,12126.0,10508.0,9274.0,7966.0,6991.0,6170.0,5286.0,4585.0,3803.0,3073.0,2590.0,2012.0,1706.0,1284.0,994.0,730.0,521.0,374.0,257.0,181.0,140.0,68.0,59.0,26.0
13945.0,12077.0,10480.0,9219.0,8156.0,6956.0,6044.0,5424.0,4534.0,3779.0,3143.0,2525.0,2005.0,1667.0,1296.0,1008.0,732.0,524.0,367.0,269.0,178.0,139.0,82.0,54.0,37.0
13849.0,12066.0,10548.0,9131.0,8255.0,6904.0,6141.0,5387.0,4406.0,3820.0,3108.0,2532.0,2012.0,1715.0,1243.0,1029.0,747.0,494.0,387.0,274.0,176.0,137.0,77.0,60.0,33.0
14008.0,12022.0,10577.0,9275.0,8043.0,6907.0,6162.0,5263.0,4538.0,3762.0,3114.0,2569.0,2024.0,1709.0,1277.0,986.0,720.0,523.0,392.0,289.0,173.0,127.0,89.0,49.0,40.0
14144.0,11995.0,10584.0,9217.0,8070.0,6947.0,6088.0,5306.0,4516.0,3686.0,3202.0,2550.0,1995.0,1733.0,1286.0,958.0,751.0,524.0,398.0,270.0,185.0,134.0,81.0,56.0,35.0
14010.0,12196.0,10488.0,9141.0,8120.0,6887.0,6037.0,5399.0,4443.0,3720.0,3168.0,2596.0,2024.0,1644.0,1335.0,965.0,726.0,553.0,388.0,272.0,184.0,128.0,91.0,52.0,39.0
13998.0,12264.0,10459.0,9170.0,8027.0,6917.0,6049.0,5364.0,4509.0,3728.0,3147.0,2535.0,2065.0,1619.0,1300.0,988.0,735.0,551.0,393.0,284.0,192.0,124.0,88.0,55.0,35.0
14087.0,12383.0,10369.0,9188.0,7903.0,7088.0,5988.0,5348.0,4534.0,3699.0,3083.0,2570.0,2059.0,1635.0,1298.0,992.0,744.0,544.0,385.0,293.0,193.0,133.0,85.0,60.0,33.0
14063.0,12290.0,10514.0,9208.0,7928.0,6942.0,6061.0,5289.0,4480.0,3739.0,3093.0,2587.0,2037.0,1655.0,1325.0,972.0,715.0,557.0,418.0,264.0,218.0,115.0,94.0,60.0,27.0
13997.0,12254.0,10579.0,9286.0,7825.0,7007.0,6031.0,5319.0,4453.0,3721.0,3063.0,2578.0,2070.0,1654.0,1320.0,953.0,725.0,594.0,387.0,285.0,194.0,133.0,70.0,69.0,32.0
13951.0,12322.0,10686.0,9048.0,7968.0,6977.0,6016.0,5254.0,4408.0,3711.0,3132.0,2495.0,2139.0,1646.0,1312.0,983.0,730.0,592.0,389.0,273.0,204.0,129.0,77.0,81.0,33.0
14044.0,12325.0,10759.0,9141.0,7861.0,6926.0,5988.0,5323.0,4354.0,3710.0,3133.0,2518.0,2068.0,1678.0,1358.0,960.0,748.0,569.0,386.0,283.0,206.0,139.0,75.0,70.0,36.0
14160.0,12209.0,10708.0,9268.0,7896.0,6778.0,6005.0,5217.0,4460.0,3714.0,3124.0,2499.0,2057.0,1722.0,1303.0,978.0,750.0,565.0,395.0,284.0,213.0,123.0,92.0,67.0,48.0
14167.0,12260.0,10667.0,9276.0,7978.0,6745.0,5951.0,5235.0,4396.0,3767.0,3055.0,2487.0,2085.0,1717.0,1299.0,996.0,769.0,563.0,408.0,294.0,190.0,142.0,86.0,71.0,38.0
14191.0,12257.0,10640.0,9298.0,7841.0,6854.0,6091.0,5081.0,4405.0,3714.0,3078.0,2524.0,2066.0,1679.0,1317.0,1008.0,763.0,571.0,408.0,289.0,201.0,138.0,92.0,72.0,43.0
14131.0,12261.0,10706.0,9139.0,7959.0,6761.0,6080.0,5135.0,4393.0,3731.0,3050.0,2477.0,2129.0,1649.0,1353.0,986.0,809.0,516.0,440.0,286.0,197.0,131.0,102.0,62.0,48.0
14247.0,12338.0,10666.0,9057.0,8019.0,6816.0,6005.0,5186.0,4318.0,3725.0,3077.0,2480.0,2070.0,1696.0,1293.0,1018.0,788.0,563.0,426.0,296.0,187.0,131.0,118.0,55.0,47.0
14216.0,12393.0,10617.0,9106.0,7949.0,6889.0,5942.0,5197.0,4330.0,3741.0,3031.0,2485.0,2106.0,1659.0,1344.0,993.0,764.0,572.0,424.0,300.0,209.0,133.0,107.0,67.0,40.0
14058.0,12517.0,10564.0,9177.0,8098.0,6743.0,5951.0,5141.0,4314.0,3646.0,3080.0,2468.0,2117.0,1695.0,1337.0,976.0,772.0,570.0,422.0,303.0,218.0,139.0,105.0,65.0,42.0
14132.0,12358.0,10815.0,9115.0,7978.0,6775.0,6007.0,5075.0,4323.0,3595.0,3120.0,2472.0,2143.0,1650.0,1337.0,1016.0,762.0,570.0,436.0,297.0,220.0,124.0,111.0,72.0,46.0
14126.0,12505.0,10800.0,9152.0,7898.0,6856.0,5901.0,5142.0,4323.0,3552.0,3055.0,2557.0,2096.0,1671.0,1331.0,1013.0,774.0,570.0,420.0,318.0,213.0,137.0,107.0,76.0,45.0
14125.0,12437.0,10757.0,9246.0,7925.0,6852.0,5905.0,5055.0,4367.0,3594.0,3072.0,2494.0,2065.0,1686.0,1327.0,1023.0,763.0,558.0,438.0,319.0,202.0,155.0,118.0,63.0,39.0
14025.0,12528.0,10766.0,9252.0,7869.0,6869.0,5922.0,5048.0,4262.0,3623.0,3107.0,2499.0,2071.0,1686.0,1291.0,1041.0,805.0,523.0,441.0,301.0,223.0,154.0,115.0,68.0,43.0
14181.0,12511.0,10675.0,9394.0,7815.0,6857.0,5847.0,5197.0,4204.0,3634.0,3049.0,2484.0,2111.0,1633.0,1329.0,1040.0,757.0,572.0,435.0,316.0,212.0,177.0,98.0,71.0,39.0
14354.0,12490.0,10637.0,9302.0,7936.0,6767.0,5943.0,5059.0,4273.0,3660.0,3005.0,2533.0,2046.0,1643.0,1326.0,1040.0,753.0,588.0,451.0,299.0,228.0,155.0,117.0,70.0,46.0
14346.0,12526.0,10800.0,9155.0,7861.0,6763.0,5938.0,5041.0,4236.0,3697.0,2996.0,2541.0,2055.0,1667.0,1304.0,1019.0,779.0,597.0,428.0,316.0,228.0,172.0,110.0,72.0,42.0
14181.0,12574.0,10719.0,9276.0,7825.0,6916.0,5897.0,4883.0,4328.0,3617.0,3027.0,2559.0,2067.0,1622.0,1298.0,1002.0,791.0,623.0,431.0,318.0,228.0,179.0,100.0,71.0,48.0
14160.0,12708.0,10726.0,9193.0,7812.0,6853.0,5903.0,4968.0,4263.0,3659.0,2959.0,2552.0,2105.0,1618.0,1320.0,992.0,770.0,633.0,436.0,322.0,241.0,166.0,116.0,74.0,45.0
14232.0,12657.0,10756.0,9124.0,7858.0,6692.0,6064.0,4922.0,4319.0,3543.0,2977.0,2590.0,2089.0,1642.0,1301.0,980.0,799.0,598.0,461.0,328.0,243.0,166.0,105.0,77.0,49.0
14267.0,12526.0,10778.0,9181.0,7861.0,6803.0,5932.0,4978.0,4167.0,3671.0,2978.0,2524.0,2120.0,1656.0,1280.0,1005.0,764.0,633.0,469.0,306.0,247.0,169.0,112.0,76.0,40.0
14264.0,12698.0,10551.0,9305.0,7857.0,6777.0,5933.0,4998.0,4230.0,3657.0,2931.0,2389.0,2177.0,1675.0,1301.0,1005.0,794.0,617.0,463.0,328.0,239.0,158.0,121.0,64.0,46.0
14335.0,12472.0,10610.0,9262.0,7846.0,6881.0,5906.0,4966.0,4258.0,3607.0,2959.0,2453.0,2085.0,1660.0,1310.0,1019.0,800.0,612.0,487.0,335.0,233.0,148.0,113.0,81.0,46.0
14303.0,12573.0,10682.0,9169.0,7890.0,6783.0,5931.0,4907.0,4233.0,3674.0,2961.0,2471.0,2033.0,1694.0,1278.0,1025.0,796.0,621.0,491.0,324.0,241.0,154.0,120.0,70.0,56.0
14322.0,12581.0,10698.0,9124.0,7875.0,6877.0,5904.0,4942.0,4181.0,3606.0,3030.0,2448.0,2036.0,1699.0,1229.0,1058.0,794.0,639.0,482.0,338.0,229.0,158.0,114.0,78.0,52.0
14307.0,12455.0,10899.0,9027.0,8004.0,6819.0,5818.0,4993.0,4138.0,3592.0,3056.0,2472.0,2069.0,1622.0,1277.0,1003.0,858.0,618.0,490.0,319.0,241.0,162.0,120.0,79.0,51.0
14508.0,12448.0,10630.0,9149.0,7906.0,6873.0,5808.0,4975.0,4190.0,3579.0,2973.0,2479.0,2095.0,1632.0,1292.0,1027.0,801.0,650.0,482.0,332.0,242.0,185.0,106.0,68.0,48.0
14507.0,12530.0,10582.0,9174.0,7983.0,6757.0,5864.0,4940.0,4189.0,3545.0,2978.0,2470.0,2045.0,1654.0,1298.0,1063.0,823.0,614.0,489.0,363.0,225.0,175.0,108.0,70.0,50.0
14398.0,12457.0,10680.0,9115.0,7982.0,6883.0,5762.0,4959.0,4211.0,3533.0,3015.0,2438.0,2030.0,1651.0,1301.0,1054.0,840.0,611.0,490.0,354.0,236.0,165.0,112.0,73.0,58.0
14479.0,12401.0,10710.0,9058.0,7951.0,6787.0,5868.0,4865.0,4261.0,3551.0,3015.0,2436.0,2057.0,1557.0,1361.0,1072.0,853.0,619.0,473.0,349.0,239.0,157.0,121.0,71.0,53.0
14654.0,12328.0,10634.0,9124.0,7897.0,6832.0,5748.0,5014.0,4211.0,3568.0,2979.0,2403.0,2027.0,1651.0,1321.0,1056.0,854.0,627.0,499.0,330.0,251.0,176.0,101.0,80.0,54.0
14212.0,12500.0,10697.0,9139.0,7895.0,6808.0,5665.0,5048.0,4217.0,3527.0,3041.0,2380.0,2033.0,1649.0,1321.0,1053.0,855.0,595.0,511.0,349.0,269.0,165.0,106.0,80.0,50.0
14502.0,12308.0,10787.0,9212.0,7881.0,6784.0,5709.0,4959.0,4258.0,3511.0,3008.0,2405.0,2067.0,1650.0,1289.0,1062.0,807.0,640.0,470.0,368.0,262.0,167.0,133.0,69.0,51.0
14610.0,12344.0,10758.0,9149.0,7921.0,6681.0,5749.0,4970.0,4303.0,3489.0,3014.0,2439.0,2028.0,1622.0,1311.0,1063.0,811.0,627.0,462.0,370.0,276.0,162.0,134.0,73.0,57.0
14561.0,12310.0,10837.0,9184.0,7880.0,6590.0,5807.0,5028.0,4145.0,3605.0,2941.0,2517.0,2014.0,1569.0,1348.0,1077.0,787.0,629.0,469.0,363.0,277.0,188.0,118.0,80.0,51.0
14476.0,12539.0,10678.0,9188.0,7874.0,6676.0,5764.0,5019.0,4181.0,3553.0,2959.0,2462.0,2023.0,1600.0,1334.0,1064.0,820.0,614.0,475.0,369.0,260.0,189.0,129.0,75.0,54.0
14493.0,12595.0,10700.0,9259.0,7869.0,6577.0,5771.0,4925.0,4375.0,3475.0,2916.0,2420.0,2070.0,1607.0,1310.0,1089.0,809.0,626.0,467.0,358.0,288.0,170.0,127.0,84.0,51.0
14582.0,12668.0,10781.0,9094.0,7851.0,6633.0,5722.0,4997.0,4221.0,3535.0,2918.0,2465.0,2053.0,1627.0,1287.0,1091.0,828.0,580.0,478.0,358.0,281.0,193.0,128.0,82.0,53.0
14354.0,12820.0,10732.0,9197.0,7800.0,6600.0,5688.0,5128.0,4175.0,3495.0,2935.0,2452.0,2011.0,1626.0,1295.0,1102.0,793.0,607.0,493.0,372.0,277.0,179.0,142.0,76.0,65.0
14392.0,12712.0,10754.0,9175.0,7821.0,6626.0,5732.0,5066.0,4217.0,3467.0,2896.0,2442.0,2050.0,1611.0,1302.0,1072.0,798.0,625.0,504.0,364.0,274.0,199.0,134.0,75.0,59.0
14418.0,12824.0,10706.0,9290.0,7745.0,6622.0,5643.0,5093.0,4199.0,3522.0,2892.0,2449.0,2060.0,1577.0,1344.0,1059.0,781.0,628.0,513.0,347.0,293.0,184.0,134.0,79.0,57.0
14426.0,12791.0,10737.0,9133.0,7774.0,6665.0,5705.0,4980.0,4287.0,3475.0,2960.0,2344.0,2062.0,1608.0,1329.0,1041.0,823.0,620.0,496.0,358.0,289.0,191.0,137.0,87.0,61.0
14664.0,12536.0,10773.0,9180.0,7824.0,6683.0,5687.0,4895.0,4220.0,3525.0,2871.0,2493.0,1982.0,1599.0,1391.0,1010.0,794.0,665.0,501.0,362.0,273.0,203.0,117.0,98.0,63.0
14618.0,12531.0,10772.0,9238.0,7792.0,6756.0,5671.0,4907.0,4108.0,3591.0,2912.0,2442.0,1969.0,1686.0,1310.0,1024.0,791.0,632.0,537.0,346.0,296.0,188.0,130.0,83.0,66.0
14535.0,12682.0,10745.0,9181.0,7800.0,6753.0,5694.0,4923.0,4091.0,3518.0,2970.0,2420.0,1997.0,1642.0,1339.0,1019.0,770.0,653.0,529.0,371.0,290.0,191.0,121.0,91.0,64.0
14395.0,12766.0,10760.0,9119.0,7786.0,6743.0,5742.0,4938.0,4126.0,3443.0,2957.0,2394.0,1996.0,1619.0,1358.0,1022.0,834.0,638.0,522.0,373.0,275.0,190.0,135.0,93.0,66.0
